congressional_district_geoid,state_fips,total_weighted_snap,snap_population,snap_under_18,snap_over_65,snap_employed,median_household_income,pct_under_18,pct_over_65,employment_rate
101,1,289434270.0,98790.05427211625,17164.317593020438,33287.027388914954,37553.409525846204,33579.082,17.4,33.7,38.0
102,1,332682340.0,109950.08160576587,20984.2015131224,38495.321853876114,41563.54896862087,35841.1,19.1,35.0,37.8
103,1,306228830.0,99346.94421764064,16606.568266674636,34299.80789611529,37634.60064090924,35941.043,16.7,34.5,37.9
104,1,315534140.0,99449.95001348713,16361.486973085572,37434.86952843517,34486.7455676944,30989.656,16.5,37.6,34.7
105,1,184024640.0,66905.14752135785,10875.67745734968,22218.277719985927,26548.760581524642,44173.562,16.3,33.2,39.7
106,1,166163630.0,63309.50762669399,7862.2192028455775,25204.67551557347,23690.34182924602,41792.082,12.4,39.8,37.4
107,1,424079680.0,144710.3298517214,23530.923116166145,52644.985617637634,55765.5369883934,31759.744,16.3,36.4,38.5
201,2,316439000.0,81732.8587899612,19714.366522805925,24581.093738471624,32774.17054564558,54634.98,24.1,30.1,40.1
401,4,74695470.0,41737.59645076087,2747.5658560415322,21615.633432269096,15622.899592151225,87344.695,6.6,51.8,37.4
402,4,203675540.0,92313.0009852713,8467.004039545216,47103.442841768265,31203.30319052875,31821.273,9.2,51.0,33.8
403,4,312584480.0,112028.88710507998,22237.428883709825,28236.67345815897,45549.07810881155,38813.406,19.8,25.2,40.7
404,4,113544130.0,59760.040084996785,4501.972060308269,28827.701484722107,23054.389802552872,62502.652,7.5,48.2,38.6
405,4,55477180.0,32230.9837774791,2384.7191902109025,15425.481641268765,11355.259822924176,60377.74,7.4,47.9,35.2
406,4,148317470.0,73989.18608264516,6580.455220533739,41135.09351062775,24898.28447920543,45958.87,8.9,55.6,33.7
407,4,316864770.0,124740.2966752069,20873.08243576037,42234.84383073449,47627.32479953569,36075.8,16.7,33.9,38.2
408,4,116973890.0,63370.06393309994,4534.882661557698,37427.028845489025,21629.20398305595,56544.902,7.2,59.1,34.1
409,4,182417600.0,77778.02988767151,8229.087917540195,37146.89032924175,25861.62332257824,38230.695,10.6,47.8,33.3
501,5,135489490.0,68507.36596141053,9070.875603364191,28953.56326239498,25105.83443683077,31823.492,13.2,42.3,36.6
502,5,49939508.0,36501.44566370783,4393.997922461822,15628.031208197499,13408.063760377452,35119.703,12.0,42.8,36.7
503,5,40771540.0,30575.892138495474,3796.5002422049147,12051.745447329638,13672.226207264393,43302.156,12.4,39.4,44.7
504,5,114602930.0,60847.58913807286,8367.709757111119,25009.28328440641,21969.140370346562,25697.373,13.8,41.1,36.1
601,6,458760420.0,135907.5528155053,21930.831477604515,54722.29800817004,45010.39990245149,30687.533,16.1,40.3,33.1
602,6,288643870.0,106651.28524075681,10491.613767958479,54266.949443012476,40320.49371633981,68875.63,9.8,50.9,37.8
603,6,197039040.0,69087.89347843823,8512.684252180294,35650.49393562903,23725.764590496972,45526.875,12.3,51.6,34.3
604,6,286307870.0,101916.435314178,12098.669991074596,48079.40003013611,36982.911337311845,45843.645,11.9,47.2,36.3
605,6,317168640.0,99359.96311871847,13824.03799008648,46910.187165915966,35060.139272320666,29715.244,13.9,47.2,35.3
606,6,407119780.0,125346.23951333281,20449.82027186423,48426.54235392809,45449.63782371519,32602.385,16.3,38.6,36.3
607,6,382283100.0,115346.8383193154,19843.023261314578,43155.600706100464,41421.837395080685,40881.516,17.2,37.4,35.9
608,6,265037520.0,98054.3609555537,13206.718645886169,39596.35567855835,40054.679826395906,74273.53,13.5,40.4,40.8
609,6,403736930.0,111725.57016422879,23272.683451253455,38621.214072057046,38422.438572763,28954.148,20.8,34.6,34.4
610,6,155704380.0,57990.65541431084,5002.3846083862445,29679.046816579532,22203.784488114215,75942.51,8.6,51.2,38.3
611,6,244672380.0,95305.4119243538,6250.482285202481,48805.06515300926,39014.17691956693,76079.85,6.6,51.2,40.9
612,6,313636930.0,113036.0773180809,12160.618637482272,50553.911969035864,43744.67693862562,47574.26,10.8,44.7,38.7
613,6,683622660.0,155474.57210597975,40818.43375242992,42047.64394760132,51741.328049718264,23814.596,26.3,27.0,33.3
614,6,158986560.0,61699.223301289014,6021.331618707891,31429.56481450051,24245.536443692334,63115.492,9.8,50.9,39.3
615,6,161803630.0,64147.25929304296,5880.359816632932,33341.3015758596,26816.07789201478,99552.68,9.2,52.0,41.8
616,6,104831280.0,46562.14614331632,3111.4219079729155,25008.91037117946,19690.034065791937,99103.945,6.7,53.7,42.3
617,6,117078344.0,49990.63509542943,3133.993801017117,24616.185701632872,22341.041883940925,63765.406,6.3,49.2,44.7
618,6,288860930.0,92222.61489647598,16525.41589741588,33886.2740084824,35753.73554382017,59606.0,17.9,36.7,38.8
619,6,182391600.0,66039.25873835887,7011.716409506593,35502.92480689171,24482.917766971073,51156.34,10.6,53.8,37.1
620,6,487030600.0,136154.77612824942,28075.587273597223,45776.1419506073,47072.415730076595,27448.17,20.6,33.6,34.6
621,6,798520500.0,200138.7537806963,48834.86769471504,55637.36481952667,71411.37705029827,32039.145,24.4,27.8,35.7
622,6,859206660.0,187419.54284957732,51294.03805810032,45323.571462752065,62626.08841349314,26288.432,27.4,24.2,33.4
623,6,608794500.0,154141.83791414974,32823.34922892712,53561.39950180054,50023.497323536234,24422.56,21.3,34.7,32.5
624,6,233134480.0,81792.66022794135,10430.697682422586,38419.29353143275,30127.5497808801,52562.004,12.8,47.0,36.8
625,6,618859600.0,159910.90217261307,32911.20468281994,58299.49592041597,52243.10296147975,27812.166,20.6,36.5,32.7
626,6,171889970.0,63378.10625664796,8286.076075139295,30478.530856609344,23749.02837777712,43102.97,13.1,48.1,37.5
627,6,313274340.0,98919.32397806314,17106.04951044519,37115.35815811157,36657.15178958872,41217.793,17.3,37.5,37.1
628,6,248381810.0,85616.28744288621,10050.200538520068,42345.34324204248,33066.09534732128,51257.137,11.7,49.5,38.6
629,6,512371600.0,137114.9710720008,24809.749594116598,45509.68406414986,51121.87958961581,35266.93,18.1,33.2,37.3
630,6,374009570.0,128870.94407351688,12923.556985436939,56447.18772654235,51947.25622722972,55071.41,10.0,43.8,40.3
631,6,374879970.0,113886.8831466359,18757.84196050043,46878.98841148289,41068.528624136205,31822.025,16.5,41.2,36.1
632,6,249047500.0,88781.74439066557,7672.00900874,44240.53176015429,34989.55476504,66001.945,8.6,49.8,39.4
633,6,477270270.0,120656.50477583744,27165.54988144514,36509.71657848358,41906.61217630454,29838.002,22.5,30.3,34.7
634,6,531439230.0,158966.68888733443,23015.006283597988,60390.69475746155,59276.55609088356,30450.629,14.5,38.0,37.3
635,6,409232030.0,109087.20456133541,22193.739903147216,33747.02477645874,39812.47499470175,28564.182,20.3,30.9,36.5
636,6,141231280.0,59524.21264343047,5429.2796446635875,30717.179458081722,25012.176711329543,96458.71,9.1,51.6,42.0
637,6,514216600.0,155022.2408898391,25225.577518258993,53920.38698577881,60726.939693526656,49608.84,16.3,34.8,39.2
638,6,263457870.0,82999.31366667732,12235.94421475423,36163.04126530352,29451.840243514256,31630.3,14.7,43.6,35.5
639,6,463502240.0,116859.52657771524,27431.978226448613,32989.04655838013,41249.264679333864,30912.438,23.5,28.2,35.3
640,6,134346300.0,50962.01248323072,6299.184273004415,23752.10098185415,22293.255446345556,116495.64,12.4,46.6,43.7
641,6,322620900.0,100824.70388145809,14575.571289736377,45208.922539711,36604.646917879814,42134.305,14.5,44.8,36.3
642,6,407214800.0,121582.07601064506,19487.62876209896,43879.22812652588,46756.285940919464,32431.303,16.0,36.1,38.5
643,6,506724640.0,141162.4571651183,26389.499917030196,50128.99505577958,50145.114893689904,28957.395,18.7,35.5,35.5
644,6,458139230.0,131841.25213269022,23007.73912280364,47942.96610531956,47610.41804473795,27896.35,17.5,36.4,36.1
645,6,251091400.0,85777.98139451935,11909.87960304237,41001.5450205847,31148.479488395024,56484.03,13.9,47.8,36.3
646,6,359646430.0,102966.25134116673,18697.98502781842,35675.94599011057,39307.57364182967,39566.91,18.2,34.6,38.2
647,6,133456260.0,54696.61599979719,2946.5304181297324,28746.050385443494,21410.702414391206,59529.28,5.4,52.6,39.1
648,6,203068380.0,68247.30058915037,10295.540925751324,29210.396128050983,25442.224736901146,59584.445,15.1,42.8,37.3
649,6,111777640.0,47059.12281385544,4361.919189541804,24779.7609999422,18181.24183490299,69520.66,9.3,52.7,38.6
650,6,167000540.0,65964.87094634985,3664.1902589855763,29054.388877078018,27184.517610592084,45504.47,5.6,44.0,41.2
651,6,242471890.0,86974.96369673911,10608.344014208065,36995.40032163565,36908.89372900565,65739.05,12.2,42.5,42.4
652,6,414193950.0,120090.27158548463,25602.15602899687,38976.46090068389,45828.06484989328,31819.086,21.3,32.5,38.2
801,8,185467940.0,72579.84844210136,5948.809270253201,30341.09965835316,32286.0517153362,62828.83,8.2,41.8,44.5
802,8,77299800.0,38472.68610268216,2171.0204386734695,19279.478160157334,16846.996594487224,88475.08,5.6,50.1,43.8
803,8,298856740.0,103786.75923803472,13690.978257109877,49905.07653045654,37364.28915743041,37366.906,13.2,48.1,36.0
804,8,138734140.0,55916.61254655162,6118.364542657204,23824.735576856416,23286.877645211556,81030.85,10.9,42.6,41.6
805,8,186850370.0,67019.8510548452,11908.749989734031,21702.440379600972,27189.138970618777,59105.84,17.8,32.4,40.6
806,8,171001250.0,66781.14271614024,9996.971419462574,26339.96969103813,29850.611461836837,79043.65,15.0,39.4,44.7
807,8,123576984.0,54137.424721067844,5351.2537410914665,24880.76410777343,23969.964459109295,88794.79,9.9,46.0,44.3
808,8,188227040.0,66588.7594920653,9858.643189270511,25890.053933705494,25723.015528953958,51813.766,14.8,38.9,38.6
901,9,222170770.0,84806.85334009086,9734.205953665893,39955.442976035934,31517.372509812383,44055.945,11.5,47.1,37.2
902,9,156256820.0,66595.85927873437,6761.407958279247,29834.623468875885,26722.018259059114,65258.29,10.2,44.8,40.1
903,9,217045220.0,81599.57487909775,9670.655574878852,37298.41518974304,31123.946277943265,43754.56,11.9,45.7,38.1
904,9,187541220.0,77917.00726879311,9213.751545346604,34629.064669161104,34011.98634667136,94377.27,11.8,44.4,43.7
905,9,219992380.0,85484.25594617474,10272.541950177096,38177.795157670975,34410.74310020478,57041.48,12.0,44.7,40.3
1001,10,280178600.0,108494.84486421867,13236.193743376682,48419.288115501404,41985.03118988852,55480.92,12.2,44.6,38.7
1101,11,348204200.0,127248.86594232467,17103.482541481193,48762.164726257324,55020.51954544106,58454.26,13.4,38.3,43.2
1201,12,166890860.0,72045.79890355356,11045.737247185256,27081.393589907326,29753.499851580942,50745.438,15.3,37.6,41.3
1202,12,247801520.0,98237.63762421791,15748.193188675441,35578.65886386373,39999.49484502503,45375.79,16.0,36.2,40.7
1203,12,265167520.0,98905.49998308149,14937.160754094977,42534.6654790848,37313.995752507035,35083.562,15.1,43.0,37.7
1204,12,303419840.0,112885.51516647445,16700.558168814583,42635.122144103734,41534.6102535694,31147.05,14.8,37.8,36.8
1205,12,112000890.0,61160.15318355996,6216.873512909395,26416.1156693917,25485.696332412055,46808.19,10.2,43.2,41.7
1206,12,247623950.0,104518.5481776384,12300.961092733793,55347.220814704895,34834.15289552597,31713.719,11.8,53.0,33.3
1207,12,151804340.0,73062.11847434296,9937.567626018401,30729.01418747753,29863.48611487374,52752.17,13.6,42.1,40.9
1208,12,144534510.0,67463.01710965128,6285.5372073685285,37078.60996720195,24088.19701984564,40991.73,9.3,55.0,35.7
1209,12,315315100.0,110774.40033236498,18398.659281186865,32730.434285749892,43287.05709294595,32423.389,16.6,29.5,39.1
1210,12,255181520.0,113586.60413713675,16118.489681750005,38320.39780976204,47566.09100412411,39577.67,14.2,33.7,41.9
1211,12,166981860.0,65945.83131006699,7823.617371841985,32378.53270809813,22171.64728826092,24877.232,11.9,49.1,33.6
1212,12,209346530.0,86584.47665793214,12655.132518855735,40993.72570310533,32137.887239849155,46540.844,14.6,47.3,37.1
1213,12,149129090.0,72081.32057782687,5448.376349829399,42014.27042865753,25651.393570351676,40903.695,7.6,58.3,35.6
1214,12,259965800.0,110587.98441300038,12403.7755450748,48823.88184471331,43691.583098640396,43047.18,11.2,44.1,39.5
1215,12,249091700.0,99556.85891943733,15889.90282181882,40224.635314941406,39218.75193230178,41530.652,16.0,40.4,39.4
1216,12,115789610.0,60445.91974725578,6235.137538568912,30235.17679343419,23010.80921216846,48029.13,10.3,50.0,38.1
1217,12,160697580.0,66295.00409506734,6048.969573318649,42778.98862576485,19890.030617836826,41629.105,9.1,64.5,30.0
1218,12,305831200.0,122405.12588971105,22537.590632448977,48576.40612149694,47862.925339857204,43664.523,18.4,39.7,39.1
1219,12,93409640.0,52887.04093089508,4032.3061769463893,33838.11165364832,17595.564058072217,48944.957,7.6,64.0,33.3
1220,12,304812700.0,124303.6759745172,21280.81289611185,49063.68717509275,48638.51807531641,36168.05,17.1,39.5,39.1
1221,12,125963890.0,64494.92353337171,6401.044382586282,36188.0571307729,22780.59839970792,50232.637,9.9,56.1,35.3
1222,12,180821020.0,80973.79147266,8961.241637924115,44634.95025744334,28740.302946918888,49984.418,11.1,55.1,35.5
1223,12,95855800.0,49882.15834328189,5743.50499843742,25373.210719736322,19448.9438352754,67214.695,11.5,50.9,39.0
1224,12,387192830.0,144197.95022535266,23750.44780418031,56854.40207672119,56355.84598253459,39886.96,16.5,39.4,39.1
1225,12,164936140.0,77600.69954685174,8556.439926773699,34930.41230831307,30495.081683091743,41860.414,11.0,45.0,39.3
1226,12,386372580.0,144477.05047578178,19272.121682790523,64435.75267217122,52548.55072928492,30690.334,13.3,44.6,36.4
1227,12,269402370.0,114957.21871830171,13525.586324413296,51909.98126411438,45858.12156673358,55143.383,11.8,45.2,39.9
1228,12,284063140.0,112757.10335826999,18584.880870260124,42962.93780708313,44898.16357395539,29737.475,16.5,38.1,39.8
1301,13,236829940.0,101120.51731328764,14780.471157386542,37192.446189403534,39153.36237352276,36539.86,14.6,36.8,38.7
1302,13,394806080.0,145291.52795281578,26946.54062262906,47710.9543428421,56386.098204575086,29370.691,18.5,32.8,38.8
1303,13,174976510.0,81139.09368828869,13190.82310114821,30750.31334619061,33097.657414272595,41651.895,16.3,37.9,40.8
1304,13,163111120.0,80869.8220640739,11888.916837566037,29621.989099115133,32734.09146907179,46184.45,14.7,36.6,40.5
1305,13,216010770.0,103136.95246758104,15864.34625663403,33946.967504075714,45650.4201650392,55695.043,15.4,32.9,44.3
1306,13,49849770.0,26089.06320428751,5090.550878475333,8104.841192039268,11121.844230173414,44280.15,19.5,31.1,42.6
1307,13,89974350.0,50460.09959253106,8659.7318639828,15714.033475636956,21772.574222083043,64710.125,17.2,31.1,43.1
1308,13,305656030.0,116321.28034420975,20256.779782158068,41950.128326654434,43377.815108362585,31555.248,17.4,36.1,37.3
1309,13,169369860.0,69637.8302798605,7189.026064230842,26298.86905360926,25403.19915003603,28786.854,10.3,37.8,36.5
1310,13,153250200.0,73034.54720483367,9984.454190116112,26079.89175574924,29282.546306999742,39127.75,13.7,35.7,40.1
1311,13,62086620.0,39894.37186960998,3469.52562803408,17053.92884265911,16486.249857551422,60986.586,8.7,42.7,41.3
1312,13,266373020.0,110084.07087994218,18656.79182554218,39484.4885924423,44409.9996943045,33278.37,16.9,35.9,40.3
1313,13,244334180.0,85352.59136806178,14857.3090922368,23581.274282921033,32929.53486042442,25245.938,17.4,27.6,38.6
1314,13,198434960.0,88082.83373739409,13991.308418012548,29843.49368748162,33815.994394353955,34837.54,15.9,33.9,38.4
1501,15,751970600.0,93810.37651507434,17605.847986128967,37669.988477507606,34204.11713543613,45854.695,18.8,40.2,36.5
1502,15,1010925200.0,114981.54730204114,25742.995964659684,45205.273720778525,40154.816249400945,37450.85,22.4,39.3,34.9
1601,16,73235490.0,38531.47632722484,3981.4990674399814,17690.135200766817,13875.771596676474,55350.598,10.3,45.9,36.0
1602,16,125937020.0,60574.30613253209,6994.521610743635,25476.606965422747,23159.683637961545,37846.246,11.5,42.1,38.2
1701,17,553369400.0,167599.84633089296,28168.75300051362,67229.10086788097,58649.474687798735,32168.025,16.8,40.1,35.0
1702,17,582026200.0,169771.35138437792,33971.40702270786,64763.45940325444,57053.309892532416,28226.768,20.0,38.1,33.6
1703,17,273522800.0,94665.42473576244,13214.932285223884,38153.279471366666,39237.70515954206,55207.434,14.0,40.3,41.4
1704,17,310216960.0,105737.01725222351,15979.473848108159,41679.23044872284,40038.93069492231,42580.84,15.1,39.4,37.9
1705,17,101024200.0,48182.218451403896,3922.8199531102873,22303.668496114173,22219.149852577524,74717.484,8.1,46.3,46.1
1706,17,191723470.0,66748.02940678586,9526.371764539705,31821.332767248154,24446.629401280996,45192.234,14.3,47.7,36.6
1707,17,482599940.0,162711.98219740865,22133.108436303562,61375.411644054344,66255.58590181221,51155.402,13.6,37.7,40.7
1708,17,176260540.0,67790.9963066588,8739.496701264954,29721.157294273376,27137.191557479786,59893.42,12.9,43.8,40.0
1709,17,201584700.0,83425.79664200742,7879.745188705041,40978.790011286736,35030.01398529892,80748.414,9.4,49.1,42.0
1710,17,166947820.0,64583.71740984114,9555.31778844,27595.729058265686,27710.400921957917,96041.516,14.8,42.7,42.9
1711,17,175245820.0,65664.4779485915,10319.068517741274,24819.069394526072,28983.09442728109,83090.71,15.7,37.8,44.1
1712,17,405136130.0,131520.61609981372,21836.697594174613,52168.68514171848,46685.519198663336,33461.418,16.6,39.7,35.5
1713,17,434619680.0,141733.65708561707,23424.87734013854,53235.19966125488,53898.781819954864,47609.918,16.5,37.6,38.0
1714,17,271785150.0,91251.62899776563,14676.161458745473,31158.519418239594,34586.814607949374,53460.89,16.1,34.1,37.9
1715,17,326210600.0,105766.50183686873,19391.364543914155,42252.04355814285,37508.28356241292,40758.375,18.3,39.9,35.5
1716,17,232552780.0,79461.39249389534,12790.849242444821,31927.967831385322,29012.024321139586,42106.21,16.1,40.2,36.5
1717,17,495630850.0,153758.1189453257,28870.229300558392,57009.174256935716,54797.914269934554,39096.12,18.8,37.1,35.6
1801,18,126475330.0,61243.55329694688,8171.086920455549,26411.72272432549,23001.43778843018,51166.29,13.3,43.1,37.6
1802,18,91129740.0,46937.84319747806,6592.452397820721,20385.11005033413,17731.81131895086,46790.367,14.0,43.4,37.8
1803,18,95679464.0,48313.34585740736,8062.937724267305,19429.852722113515,17806.886245707727,51463.652,16.7,40.2,36.9
1804,18,67892240.0,39691.34290695099,4369.968450228277,14690.342638295479,16631.819843412683,50696.01,11.0,37.0,41.9
1805,18,94527950.0,49660.494325813546,3501.9754486171296,25715.788506507874,17705.16274928354,56505.83,7.1,51.8,35.7
1806,18,152644900.0,58404.09115255404,9448.790464957534,20844.195450944826,21302.89772866508,45235.15,16.2,35.7,36.5
1807,18,158329540.0,67969.65395251352,10922.273250552562,25802.724084245856,27621.50394476705,55660.766,16.1,38.0,40.6
1808,18,133021120.0,59564.525054873244,8930.788564048711,23878.490854263306,22350.00403292222,40503.61,15.0,40.1,37.5
1809,18,74436050.0,41250.68804423595,5842.445451712239,16057.209098133084,16965.202974497617,67679.69,14.2,38.9,41.1
1901,19,86787340.0,46335.37028735911,5040.244067983429,20179.291648403043,17497.353508311517,47424.98,10.9,43.6,37.8
1902,19,95689410.0,49210.35030183641,6838.625043690205,21953.863119125366,18321.185583387298,49178.0,13.9,44.6,37.2
1903,19,87137880.0,48781.32397148859,5453.9089729359475,20851.70849473829,19750.949288294687,48409.66,11.2,42.7,40.5
1904,19,77712840.0,45210.394228889476,5037.5500486304445,21392.34516177897,17020.284886714362,58999.055,11.1,47.3,37.6
2001,20,125411320.0,53251.80429980495,9593.287021120239,18900.145700862682,21258.07031852575,59796.89,18.0,35.5,39.9
2002,20,156282300.0,61179.14251936392,10090.89096251638,23863.495705919027,23099.172445581797,54168.766,16.5,39.0,37.8
2003,20,34047988.0,20819.818079215147,1837.4335168827092,9032.722522062228,9218.415594706123,74576.195,8.8,43.4,44.3
2004,20,154699870.0,57607.830830566,10424.22446460696,18817.347278819303,23196.600795704115,43896.176,18.1,32.7,40.3
2101,21,153779620.0,65845.23266685393,9666.405682773497,26585.301652600785,23482.683402807765,28351.348,14.7,40.4,35.7
2102,21,109512480.0,57021.941367870735,8031.105383287146,22540.955335150473,21673.157556766346,37818.035,14.1,39.5,38.0
2103,21,105027910.0,56048.57336482666,5880.512476623585,25225.390453338623,21922.10749816153,43542.074,10.5,45.0,39.1
2104,21,68101130.0,40857.828167432526,4486.733896297483,17427.233498243688,14868.885529494783,46933.934,11.0,42.7,36.4
2105,21,292798750.0,109196.13291746797,15897.634023671235,43174.86592408887,37038.72486074656,23041.586,14.6,39.5,33.9
2106,21,74665770.0,47658.72846578011,5245.761248414376,19477.756691381335,18769.31830401342,37989.887,11.0,40.9,39.4
2201,22,215201800.0,76670.26022949594,11331.622545338932,33872.30490498082,27604.79227200446,35981.473,14.8,44.2,36.0
2202,22,473613440.0,147187.52117635382,24608.400016769563,56323.85713191255,53589.490071111315,35899.707,16.7,38.3,36.4
2203,22,384046560.0,122752.8914711226,20434.035010592706,47982.24244070053,44716.41719510503,32763.57,16.6,39.1,36.4
2204,22,440008960.0,145266.28132472184,24585.91274230708,57047.912874251604,51658.540140680714,33492.465,16.9,39.3,35.6
2205,22,483854660.0,153372.9990608686,23717.66701772274,61064.53928396106,53509.58254048259,30033.115,15.5,39.8,34.9
2206,22,271024670.0,94977.40200141454,18419.819698597843,33206.558960238006,36559.805206474055,39744.96,19.4,35.0,38.5
2301,23,119426040.0,55574.566914124676,4687.870865030913,26640.795431951992,22633.948230698035,65548.54,8.4,47.9,40.7
2302,23,272949100.0,105597.61060570556,11465.633415075328,47973.01853179932,38498.33578032649,46346.676,10.9,45.4,36.5
2401,24,227046690.0,85021.06443140528,11909.998422100562,37724.11282348633,30361.53625435905,43136.195,14.0,44.4,35.7
2402,24,144413950.0,56075.167197418894,6953.182274227884,27364.2308041316,20529.198500577582,52102.55,12.4,48.8,36.6
2403,24,156467300.0,60778.89544337129,6934.161238582281,26023.063070812263,22175.34860958974,43473.33,11.4,42.8,36.5
2404,24,227491070.0,82578.31674732087,12761.669457243937,32358.79199470127,32374.591978998924,40189.81,15.5,39.2,39.2
2405,24,134986700.0,56693.821105503055,6922.826046805487,23788.147058963776,21883.217112218725,43288.547,12.2,42.0,38.6
2406,24,213372860.0,82255.72498340401,9325.283478875208,37231.94790459238,31023.022195991623,53321.7,11.3,45.3,37.7
2407,24,441715970.0,152389.76930999808,23318.21010233955,57197.78582646971,59723.26075828487,52002.94,15.3,37.5,39.2
2408,24,122059810.0,51409.35060137209,5819.945337819612,25150.415119171143,21046.57973075848,77662.125,11.3,48.9,40.9
2501,25,502914080.0,159403.44877368567,24157.364529776343,67711.20766606927,56950.27997037751,37213.6,15.2,42.5,35.7
2502,25,308426100.0,113412.24247364979,13873.48454764206,50823.803873062134,42972.243417646736,37715.68,12.2,44.8,37.9
2503,25,374614460.0,127610.55449894376,18220.271011502322,53054.11509799957,50285.8210503182,54683.695,14.3,41.6,39.4
2504,25,251015700.0,103064.07344053999,9402.450314527452,49950.359549665125,41090.641576848575,71369.87,9.1,48.5,39.9
2505,25,166671540.0,69024.43386246229,5266.325514542215,35725.30391216278,28043.319284381345,72157.125,7.6,51.8,40.6
2506,25,209348770.0,79264.60950072689,8145.448140574343,41160.58337211609,29905.4925214525,52039.45,10.3,51.9,37.7
2507,25,434534460.0,146001.9146037366,17091.379073363307,58325.23875427246,59894.10881280205,50416.71,11.7,39.9,41.0
2508,25,278079230.0,108874.8617745101,11857.068204502546,48865.733437067596,45028.79421904146,50621.355,10.9,44.9,41.4
2509,25,293862980.0,112823.91758239889,11866.07545829151,56894.4358497262,41933.759958111,47001.24,10.5,50.4,37.2
2601,26,295743970.0,104709.18237788301,11648.08119639548,49079.94794845581,39422.61980568343,56390.883,11.1,46.9,37.6
2602,26,291463550.0,102810.76866422393,14369.168342003155,42670.21989585401,37779.38874557417,32847.6,14.0,41.5,36.7
2603,26,239770690.0,90012.30049721744,13606.50615642429,34285.841647043824,34599.80819307649,38298.723,15.1,38.1,38.4
2604,26,221285810.0,80196.70499822097,12171.820009428746,32061.761664152145,30183.652164805237,44443.633,15.2,40.0,37.6
2605,26,259557520.0,92848.56028320007,15456.255886073855,37327.58497238159,34204.16297710567,40211.98,16.6,40.2,36.8
2606,26,137094720.0,56904.807138517914,6034.976118274579,22913.726167890243,23020.606208795652,50546.824,10.6,40.3,40.5
2607,26,162669380.0,66498.1052671263,8283.449404826526,27460.755072832108,25932.892227810098,53343.824,12.5,41.3,39.0
2608,26,403327650.0,127553.5821087797,20520.757364541292,49741.75900955114,43844.90386905137,28233.352,16.1,39.0,34.4
2609,26,182918140.0,68209.55289405273,8947.618733588599,27154.6568066173,25551.920210685348,37041.68,13.1,39.8,37.5
2610,26,252829330.0,92775.38604987046,10648.533739698316,41343.71867084503,34290.759053884525,35462.71,11.5,44.6,37.0
2611,26,176346820.0,68996.88743703527,8405.406042349656,30332.03259563446,27466.95628512581,46111.95,12.2,44.0,39.8
2612,26,477885570.0,149947.18261706212,24133.623897898706,61310.06925295293,52712.22917857675,24539.674,16.1,40.9,35.2
2613,26,622284500.0,185490.78890617104,33854.24984899908,66594.60280511441,64237.92512776988,26895.127,18.3,35.9,34.6
2701,27,188072000.0,70985.69767962073,11440.270168965391,29654.581044197083,28594.753549234534,81065.72,16.1,41.8,40.3
2702,27,96560960.0,36483.42073879887,4606.160221695674,15232.22018711624,14638.405210096564,82271.65,12.6,41.8,40.1
2703,27,108452820.0,43264.25090855654,6033.99909370979,18351.17720773816,19323.66542030353,71691.67,13.9,42.4,44.7
2704,27,201176370.0,68760.11558946311,10847.775495140988,28456.914006499574,27418.08727040525,54432.8,15.8,41.4,39.9
2705,27,191352430.0,71645.2628259541,8371.043975464174,28767.796684361994,30603.134718426696,71693.914,11.7,40.2,42.7
2706,27,136720560.0,45075.357710679324,8438.3702718422,15971.241394496756,16859.600706052704,55815.883,18.7,35.4,37.4
2707,27,246308980.0,72082.3281867121,14292.054196438763,28970.802940998226,26751.872997978713,43879.805,19.8,40.2,37.1
2708,27,215657780.0,69503.4045819712,10790.022500749794,30544.06425032229,22362.579837925157,27893.383,15.5,43.9,32.2
2801,28,104505910.0,57190.67812844143,9115.782528421636,18832.078290581267,23687.68675675012,39986.7,15.9,32.9,41.4
2802,28,243686380.0,105124.13019076432,19362.907516128034,35785.95669969171,38897.274207550436,27535.303,18.4,34.0,37.0
2803,28,115824344.0,65089.42633995781,8795.45153459307,25968.5067447272,24868.673998979248,34359.668,13.5,39.9,38.2
2804,28,136737730.0,69321.96878108269,9546.149862797318,24074.732691613724,26701.462586746224,31860.797,13.8,34.7,38.5
2901,29,216504740.0,92448.71903395488,12043.15049092643,37922.72417199612,36826.148104988446,43209.098,13.0,41.0,39.8
2902,29,27862294.0,21191.364811260806,1142.8472470776978,11118.45535614295,8802.900748986802,49989.28,5.4,52.5,41.5
2903,29,67057400.0,40177.928495824024,4929.1225616134325,16181.96123761838,17417.08528003096,63965.816,12.3,40.3,43.3
2904,29,151166510.0,63777.21303489213,8439.85255630956,27136.608352661133,23007.19758759532,38348.242,13.2,42.5,36.1
2905,29,147772000.0,65831.31839571748,8557.652557208916,25300.36903395923,25808.82683073223,40687.98,13.0,38.4,39.2
2906,29,87769910.0,45255.38855247488,5539.05191779674,20568.673163678497,16976.116459190947,43591.18,12.2,45.5,37.5
2907,29,190365900.0,76628.5668335946,11452.926537511798,32617.922857284546,28509.1915598591,32066.719,14.9,42.6,37.2
2908,29,240296300.0,87864.30659695523,14395.055366009998,34988.90328979492,32178.058933515742,40157.766,16.4,39.8,36.6
3001,30,51265084.0,30986.019221958202,1715.539045645739,14753.10029726522,11610.476936698884,35000.105,5.5,47.6,37.5
3002,30,53571056.0,31854.51429458362,4912.7637663779315,13264.806343317032,12909.579394181434,77307.17,15.4,41.6,40.5
3101,31,70889070.0,36941.96458165345,4393.526067074472,14054.239475853305,14672.448190320609,54483.656,11.9,38.0,39.7
3102,31,69495060.0,40965.432874619626,4633.440807097503,16344.701880014589,17025.090406283405,62071.86,11.3,39.9,41.6
3103,31,99357144.0,46361.8662016543,8035.804905999692,18566.16736843373,17404.67324024874,65107.324,17.3,40.0,37.5
3201,32,272113630.0,116256.31679005918,13664.351585364519,51140.581215217244,43499.1899297128,40413.566,11.8,44.0,37.4
3202,32,121626936.0,65123.45506566067,4630.337715888192,32936.78232454322,24768.735428293832,52671.477,7.1,50.6,38.0
3203,32,146507620.0,71444.0958424554,7157.745056700136,33110.15692681633,27995.086482704402,47916.64,10.0,46.3,39.2
3204,32,281413500.0,112542.39859946103,17586.752893152443,44292.40267327428,40805.10871854014,31396.223,15.6,39.4,36.3
3301,33,86165090.0,36800.61724167112,3683.18038438278,17401.79240551591,15678.040964419983,88915.51,10.0,47.3,42.6
3302,33,92622940.0,42575.20888598555,3969.5643074329128,17780.844360909134,20343.31470601284,91194.92,9.3,41.8,47.8
3401,34,203261180.0,70896.18425545079,10578.59980761585,28118.82648152113,28055.09831742852,42338.707,14.9,39.7,39.6
3402,34,204127180.0,78857.71055509841,11042.185622503544,34988.36323642731,29946.30537758377,47484.98,14.0,44.4,38.0
3403,34,68016870.0,33369.29501714056,3855.3652019298534,14946.14772542051,13516.388783924696,65012.965,11.6,44.8,40.5
3404,34,113990340.0,43485.546453330455,5740.75542445131,23567.264584568096,15476.967400118592,72455.94,13.2,54.2,35.6
3405,34,54893980.0,29292.389349875386,2446.808191128792,16193.90404423303,12168.329339261025,92026.87,8.4,55.3,41.5
3406,34,134417400.0,57212.21448569954,8198.368303191612,24203.71592738852,23491.67616228116,66354.67,14.3,42.3,41.1
3407,34,58659076.0,28977.55981868651,4017.8611222342297,13077.096029583452,13827.057905020483,144130.95,13.9,45.1,47.7
3408,34,299641180.0,97066.4466392129,16142.642475633074,33033.36755225329,41171.71664448635,60260.406,16.6,34.0,42.4
3409,34,267320850.0,94088.84002356339,13439.896078130463,38875.145833969116,37020.154740224505,51112.89,14.3,41.3,39.3
3410,34,323807800.0,105333.92858825065,16132.70242480468,43620.5718472898,40030.77568694856,42547.926,15.3,41.4,38.0
3411,34,55869460.0,30452.151980913924,3196.1837001164713,15008.8769221006,14206.58698878665,113483.52,10.5,49.3,46.7
3412,34,103179880.0,46431.34907028986,5222.177786175831,22548.67281161584,19247.225800868182,79669.13,11.2,48.6,41.5
3501,35,302307460.0,114538.25982557755,14267.948195357225,50983.20963859558,41972.16979952599,35335.996,12.5,44.5,36.6
3502,35,479941900.0,158432.48173263634,24435.207463466097,60014.57255353025,55718.65045347992,33608.812,15.4,37.9,35.2
3503,35,371501700.0,127938.75665198956,19563.280000345374,55246.23594018817,45235.1384565486,31927.191,15.3,43.2,35.4
3601,36,116899800.0,49295.55772429169,4919.833070501954,25752.143567979336,21209.091990746805,102773.65,10.0,52.2,43.0
3602,36,174883500.0,61603.110046749134,10176.296121875028,24287.255613029003,24314.11858966916,53200.324,16.5,39.4,39.5
3603,36,144496270.0,54323.511574104865,7520.418432503848,26103.05478866771,24639.36061809497,124343.56,13.8,48.1,45.4
3604,36,126254170.0,46378.817311975356,7481.857346349832,18845.07834342681,20837.450415396663,99417.27,16.1,40.6,44.9
3605,36,458317300.0,128673.63057557805,23257.669185032857,51450.34338760376,43042.67033928326,26601.53,18.1,40.0,33.5
3606,36,385759900.0,114232.99807242752,16901.690029320656,50984.729659471224,41642.533330543025,33939.965,14.8,44.6,36.5
3607,36,401075500.0,129452.48990098637,17700.54109991083,46684.36090373993,55706.12301823922,54168.64,13.7,36.1,43.0
3608,36,615318660.0,179143.3733182401,29242.49667057475,76061.62014370735,60150.515970023625,29925.84,16.3,42.5,33.6
3609,36,447838100.0,138783.26900044564,22041.50744678804,59957.0738972534,52682.36763858763,46645.523,15.9,43.2,38.0
3610,36,281210940.0,97976.8161199349,10973.456299465399,42749.36547279358,41149.32067770042,70365.52,11.2,43.6,42.0
3611,36,322261020.0,102172.44366191415,14894.895272746966,45385.3123701516,38556.76516937135,59804.42,14.6,44.4,37.7
3612,36,121210610.0,52891.328823151896,3859.294405547902,27381.19026225114,23827.7680594568,115072.2,7.3,51.8,45.1
3613,36,656597760.0,202523.04052946816,30275.825544115247,75505.82180958986,77808.41885428775,38638.254,14.9,37.3,38.4
3614,36,577863900.0,168400.24621982887,27712.020186051002,67733.78784458712,61327.8567669637,36564.22,16.5,40.2,36.4
3615,36,806345660.0,220515.5078842789,46052.177172193304,75045.58526420593,78256.80809760652,32907.74,20.9,34.0,35.5
3616,36,224673570.0,81766.11356810662,9774.994252800474,38351.2805634737,30879.380935040263,56570.324,12.0,46.9,37.8
3617,36,155879520.0,53664.09011539875,7268.851364575436,25563.75353822764,20786.216377749304,71890.625,13.5,47.6,38.7
3618,36,228688940.0,76036.3181240347,11679.268682217902,32919.23727048974,28185.518207107838,45451.46,15.4,43.3,37.1
3619,36,307735780.0,102640.10728406053,14073.000967380576,46576.442571640015,36145.33147771098,37261.27,13.7,45.4,35.2
3620,36,239200800.0,78937.65064639345,10359.596838334866,34858.335476376116,30757.96322145406,43958.984,13.1,44.2,39.0
3621,36,330456400.0,109571.95482686993,17822.096599015127,41511.95324638486,42774.35283806197,45771.887,16.3,37.9,39.0
3622,36,377855230.0,116717.19687641668,19876.640827527503,45357.83583973907,43392.5658411358,44497.277,17.0,38.9,37.2
3623,36,318516830.0,103661.49495777322,17067.731378376542,44734.92314147949,35983.33842421931,36257.516,16.5,43.2,34.7
3624,36,316888000.0,102266.14280476452,15171.797108288825,42850.94367916166,35454.065349371915,28593.02,14.8,41.9,34.7
3625,36,354744300.0,110543.93193714734,16941.7137557427,44714.17094677687,39915.396033538505,32950.633,15.3,40.4,36.1
3626,36,454892220.0,143963.63649486165,21622.668614275477,58167.093179260206,52634.36197999873,28807.055,15.0,40.4,36.6
3701,37,437267420.0,137634.3413798159,24012.398390379763,55339.076688051224,50980.698338040675,38337.758,17.4,40.2,37.0
3702,37,91149330.0,41918.59419884113,6377.744332932889,13338.488334177266,20081.202989916754,69591.19,15.2,31.8,47.9
3703,37,398447840.0,122619.35443735938,20992.156581951953,45933.27467994951,42429.10611180398,32541.998,17.1,37.5,34.6
3704,37,181325600.0,71666.13791677379,7732.5313871620165,28727.69767417491,27084.488113577165,34330.15,10.8,40.1,37.8
3705,37,306568580.0,103207.22706752019,15498.872896070045,42325.055483564734,39592.61404426273,39436.75,15.0,41.0,38.4
3706,37,351961800.0,117416.23767348577,21088.74042302875,44780.75910575874,42430.49612257152,41163.504,18.0,38.1,36.1
3707,37,341846050.0,119439.86612818611,17180.076733662103,54166.14380586147,42565.862754536894,39335.562,14.4,45.4,35.6
3708,37,264367580.0,97846.83277264699,14173.393560888648,40884.56897544861,37582.12707324454,52571.156,14.5,41.8,38.4
3709,37,362825660.0,120296.87621034068,20524.48780914035,46459.95335877687,43127.26378592166,31712.889,17.1,38.6,35.9
3710,37,292962900.0,100753.91081580054,18081.023721055608,37744.62711238861,38362.230036493595,41379.53,17.9,37.5,38.1
3711,37,284315100.0,100124.46724755193,14144.250357035467,45995.47073364258,35998.35778412515,40331.08,14.1,45.9,36.0
3712,37,217740880.0,82885.37585881207,14680.190989159717,29440.863185322058,35373.85334694328,58885.684,17.7,35.5,42.7
3713,37,175553860.0,72176.29116162517,9797.874263287435,29798.372625261545,28532.356558808286,52591.484,13.6,41.3,39.5
3714,37,216483420.0,77126.09511572952,11891.184740368277,23017.352273467928,30854.021107328037,37040.516,15.4,29.8,40.0
3801,38,62490570.0,36799.79102869971,5085.243753279894,15570.638465781696,15942.789101485861,66705.516,13.8,42.3,43.3
3901,39,223643040.0,84016.98922052947,11943.496992304004,31963.314754486084,33895.41194963793,49544.875,14.2,38.0,40.3
3902,39,273078300.0,98162.12796206733,13725.986516662128,43733.44887423515,36196.96846333506,47589.773,14.0,44.6,36.9
3903,39,212321550.0,74981.60389399147,13626.501768726317,23929.041628038744,31848.58584851343,55191.05,18.2,31.9,42.5
3904,39,198410510.0,73086.5779690619,11392.625313328306,29360.312106490135,29206.769479607538,54165.734,15.6,40.2,40.0
3905,39,180939630.0,64485.17940377355,10445.913305589398,25895.426887512207,24187.845002368704,43872.31,16.2,40.2,37.5
3906,39,324927300.0,108988.76887460104,15891.974236637885,47553.99522781372,38161.56371114595,32287.72,14.6,43.6,35.0
3907,39,134980600.0,54027.46268385668,8420.938014272753,22527.001579922136,21406.113634633584,61363.52,15.6,41.7,39.6
3908,39,202818700.0,72378.45736494218,12960.755775717216,28799.26321909856,27288.274640158954,48995.88,17.9,39.8,37.7
3909,39,279996320.0,98277.79671294804,13538.861179743428,41418.69182506204,34835.03444285585,34267.49,13.8,42.1,35.4
3910,39,268876000.0,91035.607135439,14587.269684069122,37062.2470494993,33795.012405082205,45456.03,16.0,40.7,37.1
3911,39,445167520.0,147214.69777303527,22670.393918810238,59146.93811377781,53431.59480137742,29559.326,15.4,40.2,36.3
3912,39,215218930.0,84114.5505617813,10849.995204586527,36684.98576832563,31735.628342161537,65805.8,12.9,43.6,37.7
3913,39,272135040.0,95472.8185462456,14265.889569236097,41388.0361126326,35422.38499349648,49694.668,14.9,43.4,37.1
3914,39,212295170.0,79079.28636996423,10038.23759622745,37730.79785977956,28336.142809766116,51869.81,12.7,47.7,35.8
3915,39,275436160.0,84932.58805135422,14346.767784601907,29334.672238460742,30143.185298605604,34398.297,16.9,34.5,35.5
4001,40,303091200.0,107752.95382615345,17383.43917141766,40491.823392391205,41040.14928107624,44314.074,16.1,37.6,38.1
4002,40,432785100.0,147587.21916796028,26680.594352440246,56507.9593308121,50134.33882450188,28202.666,18.1,38.3,34.0
4003,40,348098880.0,119943.08440420928,20543.054499059755,43018.11188232899,44872.01423806864,33434.582,17.1,35.9,37.4
4004,40,296466180.0,108699.17443252684,17145.77992866673,39324.98007684946,40910.67349358558,34139.652,15.8,36.2,37.6
4005,40,275000160.0,96645.43539273032,13641.533377208645,35385.39703146866,37146.18318366927,33772.723,14.1,36.6,38.4
4101,41,223696100.0,91321.30569094903,6044.5015700208605,40985.51050044224,36188.16850795323,43623.168,6.6,44.9,39.6
4102,41,388612200.0,141544.4472283246,18981.26182216173,62947.24908674322,52097.35805232776,44560.7,13.4,44.5,36.8
4103,41,265651230.0,102458.1770186885,11143.129944850836,40480.0247271026,41575.348557422316,44238.33,10.9,39.5,40.6
4104,41,366388770.0,130608.74029614124,14162.875143257901,60927.863598391414,47612.471307923086,39301.137,10.8,46.6,36.5
4105,41,244114480.0,90806.50016916115,8793.184993056075,41852.70900596678,32997.06088079694,45220.46,9.7,46.1,36.3
4106,41,259432460.0,101976.4257031975,11634.348653331312,44725.24924216978,39908.3596552778,46983.867,11.4,43.9,39.1
4201,42,130998260.0,54819.32740557765,5697.272524502492,26761.710916174343,21409.934750904387,68039.07,10.4,48.8,39.1
4202,42,653276200.0,185982.02510444925,37381.492789988755,62592.23986053467,65009.790385078406,24476.15,20.1,33.7,35.0
4203,42,431758530.0,147676.11007636233,18871.01714260324,57706.32229157537,58911.21654023976,43412.035,12.8,39.1,39.9
4204,42,122174820.0,54715.49166436952,4836.212609882819,28558.16464087367,21806.94756055567,64291.008,8.8,52.2,39.9
4205,42,203842480.0,81072.92642655836,9526.012581828601,36481.63564109802,32241.695402792582,54858.35,11.7,45.0,39.8
4206,42,154019520.0,63426.79750799546,7006.102738503425,29669.25230884552,24650.9312198752,49915.58,11.0,46.8,38.9
4207,42,265228540.0,95820.78490763411,14119.517143552766,40509.412396809086,37154.39319515055,59679.44,14.7,42.3,38.8
4208,42,374401900.0,125728.78513450501,18559.40027787238,54041.022969837206,44964.052533108494,31958.68,14.8,43.0,35.8
4209,42,262719490.0,96979.3955207048,14300.784682767582,42863.347968326416,35278.665546006756,44798.92,14.7,44.2,36.4
4210,42,228719070.0,84702.06021905801,12740.666176807004,34632.674093031324,33456.53829815221,41935.3,15.0,40.9,39.5
4211,42,197349540.0,75936.98117873329,10187.847498932802,34452.86276501138,27823.57855068548,51212.875,13.4,45.4,36.6
4212,42,273643870.0,98608.16670402786,11962.310173693051,44335.054354477674,37606.95275154166,37341.035,12.1,45.0,38.1
4213,42,309403840.0,101018.55873878085,15499.602219925615,42888.06944563985,34963.41677407085,33865.695,15.3,42.5,34.6
4214,42,335977630.0,118971.52848784786,15116.186175344534,56745.20750141144,42314.58963422663,40698.29,12.7,47.7,35.6
4215,42,279293500.0,99020.2358198107,14094.163199301445,40817.506341934204,36057.308979555484,35642.734,14.2,41.2,36.4
4216,42,327674240.0,112435.831277997,14933.84644984841,49994.38110233378,41298.87950565286,33420.535,13.3,44.5,36.7
4217,42,185344140.0,75899.40839856974,9215.483553937742,36191.65755889751,29521.112434905022,52220.566,12.1,47.7,38.9
4401,44,193692430.0,78119.42908522426,7991.0726305800345,37420.5865210839,30201.850191087862,45590.867,10.2,47.9,38.7
4402,44,150236270.0,58074.082556095105,6460.772936215126,26078.48190910602,21964.075835071413,39962.13,11.1,44.9,37.8
4501,45,101525200.0,49010.47595514258,5621.274398449779,21358.57777166157,19576.03719289202,61608.344,11.5,43.6,39.9
4502,45,197302100.0,74287.99488685533,11506.549269307689,26358.875604700064,29615.36813567548,49098.543,15.5,35.5,39.9
4503,45,244256220.0,88904.68426122057,16440.75956886242,30445.016925009724,33428.583385851816,35187.93,18.5,34.2,37.6
4504,45,165449170.0,63632.63872798883,9647.691215969924,23479.91386087722,26311.721799031366,52467.01,15.2,36.9,41.3
4505,45,211511230.0,75987.30885860219,12155.091562675816,28638.075963031733,29421.640681605677,37295.062,16.0,37.7,38.7
4506,45,316626940.0,114543.67826167401,16471.28406486381,44055.53910577716,43882.001152640674,43850.227,14.4,38.5,38.3
4507,45,284487650.0,98209.78150324328,16733.89459952865,40662.56005410012,35731.406946721254,35123.977,17.0,41.4,36.4
4601,46,117270200.0,56088.009718913534,8978.534321308136,21367.942385554314,22541.853926284362,51455.383,16.0,38.1,40.2
4701,47,176968430.0,74653.33537125925,10021.27817238651,33501.406803351885,26951.352392935354,37142.195,13.4,44.9,36.1
4702,47,97419120.0,52551.68819094584,5511.418356730843,24824.9408736045,20669.31048681299,51894.215,10.5,47.2,39.3
4703,47,152992780.0,69452.51116512858,8546.83063255542,30380.864525884364,26038.016997803355,44088.01,12.3,43.7,37.5
4704,47,138800320.0,60674.023612805744,8699.674100026463,22985.442623485025,24730.27141330374,49021.227,14.3,37.9,40.8
4705,47,46406028.0,31832.76605082478,3074.521417240532,12660.334958075211,14134.69676505273,51988.152,9.7,39.8,44.4
4706,47,140344210.0,61333.52861297177,8889.652187478552,25736.549757003784,24541.79973171437,48246.36,14.5,42.0,40.0
4707,47,103573620.0,55469.059264697775,5240.56801779462,23060.10237242993,23355.281224960894,64915.832,9.4,41.6,42.1
4708,47,153715220.0,72077.62677753979,8300.163455582297,34390.37619129411,26472.388745615142,47330.8,11.5,47.7,36.7
4709,47,312581020.0,120875.00503096638,24680.622546014016,36487.6739147827,48173.2676744761,26114.43,20.4,30.2,39.9
4801,48,269890660.0,84892.51346732388,16303.889313360163,31743.44821928453,33241.70721949169,49448.895,19.2,37.4,39.2
4802,48,145274290.0,52772.718297628046,11758.041813678527,14633.544197932279,22826.214648395275,64631.203,22.3,27.7,43.3
4803,48,85840260.0,36124.42607244206,5010.318922806,13353.853262351022,16213.862412858867,72884.3,13.9,37.0,44.9
4804,48,110510680.0,42184.46914293515,7553.56635643952,14713.597821445248,19542.60532503811,80035.8,17.9,34.9,46.3
4805,48,215868830.0,72728.40467118417,13083.428536361665,24497.498537217733,29992.87868351747,57077.562,18.0,33.7,41.2
4806,48,192681360.0,59147.348593120514,14712.829420480803,15129.821481290273,25493.831546534067,62440.145,24.9,25.6,43.1
4807,48,197020000.0,76049.24719056921,10138.130160465229,22743.978917940374,34628.02585554362,41038.277,13.3,29.9,45.5
4808,48,299156540.0,70225.60904090008,11643.036946367421,15972.60004238832,22431.90252138967,16608.936,16.6,22.7,31.9
4809,48,341017000.0,103772.06322974991,23101.291397608828,30743.992406012025,43628.20627724145,38260.555,22.3,29.6,42.0
4810,48,154888260.0,58118.364780371034,9723.270016752474,22105.351511808636,24239.44586574014,59495.953,16.7,38.0,41.7
4811,48,217771230.0,76552.76445608198,15385.744600964477,25951.55953691923,32320.371445239594,47444.367,20.1,33.9,42.2
4812,48,190847820.0,69776.7037274576,11900.48231440362,20892.487514229608,31434.671921540954,56624.344,17.1,29.9,45.1
4813,48,212353060.0,74775.75683308563,13898.094537747646,23936.11991474917,32559.013379111653,62982.293,18.6,32.0,43.5
4814,48,255266060.0,84949.40403762841,17648.74669155993,26395.714052976575,36114.17033398816,42019.316,20.8,31.1,42.5
4815,48,632259800.0,142576.88243998477,41117.82329374939,32668.75717926491,45486.341709052824,25692.385,28.8,22.9,31.9
4816,48,351304540.0,110230.33870986852,24004.64183662568,31713.75442693429,45938.30475203853,36428.04,21.8,28.8,41.7
4817,48,228407860.0,79894.15628144899,17654.14791805701,25022.52177365031,34683.85216023127,68501.805,22.1,31.3,43.4
4818,48,397019300.0,118579.03955511795,26134.052691104796,31705.76794465026,49096.2355205023,32513.404,22.0,26.7,41.4
4819,48,269283330.0,86084.44397602568,18409.873589390434,25274.40762084734,36569.77186690632,56738.72,21.4,29.4,42.5
4820,48,329764930.0,100565.45584308181,21442.990707594938,26343.114867170923,44031.734460711836,48921.15,21.3,26.2,43.8
4821,48,94704310.0,40067.69308317806,6158.147877861409,15358.40522837847,18898.48145155592,88202.64,15.4,38.3,47.2
4822,48,152324420.0,58083.4663437642,12769.038333828154,17856.221476118837,25632.86397417387,74941.85,22.0,30.7,44.1
4823,48,263772140.0,81990.21563651528,20404.47291493646,19914.8254148095,34508.00811117348,50052.367,24.9,24.3,42.1
4824,48,71322770.0,26870.005609251595,5554.656462773506,9701.775438408953,11589.237096845729,53399.01,20.7,36.1,43.1
4825,48,160715150.0,58846.98163749457,10615.535689022372,22693.212594831362,24343.02562964301,59589.098,18.0,38.6,41.4
4826,48,81223820.0,32320.01247747332,5047.123238980923,9493.861792708558,16448.125829018638,90497.336,15.6,29.4,50.9
4827,48,307680060.0,96176.85461616796,22270.47771149086,28505.351313533727,39770.0980039423,42690.234,23.2,29.6,41.4
4828,48,391307800.0,121975.25095554226,32697.70096657666,31395.69981078402,47939.28533242376,34496.402,26.8,25.7,39.3
4829,48,438348130.0,124071.13989742774,32969.53776346484,24605.000818219793,49620.42268282864,30360.783,26.6,19.8,40.0
4830,48,299860600.0,91401.93741254724,19214.095271501905,24354.41318425347,38277.106631994684,31958.406,21.0,26.6,41.9
4831,48,136412820.0,51589.98231960712,9217.019134681192,18461.00891541849,22149.418749001936,57159.17,17.9,35.8,42.9
4832,48,188627340.0,66138.8498059249,12889.676545451635,17548.63017847156,33011.76395290495,92064.086,19.5,26.5,49.9
4833,48,282482000.0,84684.50130992546,20780.194434613935,17641.985779835988,36809.324006166426,47822.996,24.5,20.8,43.5
4834,48,538443100.0,145741.31955517002,39927.41544591122,37255.518716151186,51825.95993948792,30140.508,27.4,25.6,35.6
4835,48,283023260.0,95568.86072923089,19671.613078996335,21730.02170852985,43161.35362451257,47773.613,20.6,22.7,45.2
4836,48,281364600.0,88849.39165421813,20543.257954825553,25790.495730260853,38088.584098143176,61531.496,23.1,29.0,42.9
4837,48,80497010.0,37917.45071045035,3336.0110858536827,11494.703646610902,19567.681236549543,54997.387,8.8,30.3,51.6
4838,48,101367340.0,42600.83200859563,9295.343424572075,13745.463448589202,18613.797480914804,64452.37,21.8,32.3,43.7
4901,49,103355256.0,43983.21906928708,7079.56054302464,12844.162474766374,20927.32963746966,81876.71,16.1,29.2,47.6
4902,49,123658480.0,50438.37844542296,7964.012229853935,17933.71583524553,21763.102822663786,75535.85,15.8,35.6,43.1
4903,49,85756230.0,39660.884419350696,4550.81361605406,15221.660662749986,18237.560032824156,91226.06,11.5,38.4,46.0
4904,49,90939150.0,36161.681580476645,7214.527819099443,10579.925058212095,16196.981889917013,58329.5,20.0,29.3,44.8
5001,50,185898960.0,75246.10054873768,7379.120906251694,35399.819524765015,30240.3317926566,68653.66,9.8,47.0,40.2
5101,51,109788070.0,48667.78180343313,5229.793184937596,24478.554251147434,18886.2618015954,52248.098,10.7,50.3,38.8
5102,51,160952740.0,62421.96193620409,8895.306668539095,21795.871814286336,26992.292542322095,69341.35,14.3,34.9,43.2
5103,51,369813570.0,123224.92414368773,21848.538992613136,42823.56433438021,49404.61227665456,50707.41,17.7,34.8,40.1
5104,51,284550720.0,99490.95728705708,15573.103422667962,38384.49191069603,40608.61631399951,48047.844,15.7,38.6,40.8
5105,51,252647630.0,98042.95269221699,12244.880108481819,46569.0565854013,36645.31432061648,43722.16,12.5,47.5,37.4
5106,51,204697920.0,74768.79130590914,9891.831016606666,36461.24633085728,26653.788448606676,52482.254,13.2,48.8,35.6
5107,51,125642920.0,51783.49095089712,7346.846309714016,18576.989197213145,21231.756331672714,56975.74,14.2,35.9,41.0
5108,51,91849480.0,46102.642611687064,4929.598055858867,20232.888926882675,21576.356258905475,107785.9,10.7,43.9,46.8
5109,51,410620640.0,127910.9846830435,17765.351763613813,53715.84354018164,45852.62799307174,36688.258,13.9,42.0,35.8
5110,51,47425000.0,25753.665564012656,3025.5528797305888,10842.943435601424,11840.963330897692,94172.414,11.7,42.1,46.0
5111,51,40876012.0,21900.497808955693,3255.0367994989283,8913.333892894472,9985.033631523198,115849.94,14.9,40.7,45.6
5301,53,103213110.0,52469.78482482061,4423.075680726775,20500.504769854248,24578.16516394264,70140.06,8.4,39.1,46.8
5302,53,214206320.0,84684.62968000132,6251.567090413213,46091.41900253296,29960.785794569965,52326.953,7.4,54.4,35.4
5303,53,251116110.0,95628.01270648482,11459.550401881861,41496.59092903137,35583.2761076389,38325.305,12.0,43.4,37.2
5304,53,385183550.0,122368.70787155419,22970.632890904213,46364.872834563255,43310.330593524835,33271.95,18.8,37.9,35.4
5305,53,353658400.0,119372.1706232063,14940.644259004566,51145.14664398506,42471.3780010138,32604.014,12.5,42.8,35.6
5306,53,240004580.0,92917.6630087005,8456.939081463748,45476.17757020582,34476.451063898174,51032.48,9.1,48.9,37.1
5307,53,103790590.0,50922.792713046394,2742.8947350811213,21267.354724111035,25587.834333904262,85502.74,5.4,41.8,50.2
5308,53,103122020.0,47961.80629040986,4550.435063411598,22815.50610697642,19429.25893834101,62514.35,9.5,47.6,40.5
5309,53,227703070.0,88535.55979753072,8586.609424781767,39895.4789814949,35465.9309620067,65316.016,9.7,45.1,40.1
5310,53,263325330.0,92355.74733542226,13847.599717061596,36380.12557029724,33661.02560090667,38317.285,15.0,39.4,36.4
5401,54,382831940.0,141043.30467273857,17789.82638258525,65421.025168057924,48936.966484054545,26376.123,12.6,46.4,34.7
5402,54,296215550.0,112036.39246625727,12838.913221025054,48097.13067169767,39785.2114611941,28999.83,11.5,42.9,35.5
5501,55,202551040.0,80562.44015272232,11029.551491393067,33100.66389465332,30574.693450161925,47268.406,13.7,41.1,38.0
5502,55,110810630.0,53478.967297103474,4924.6457753220075,23133.0438546504,23532.809011703095,55894.5,9.2,43.3,44.0
5503,55,210782930.0,78392.48481913423,11201.292346959759,32906.56465458346,28239.01589943038,46801.043,14.3,42.0,36.0
5504,55,422620000.0,141980.36035102853,24477.061345440467,49902.300371967256,54069.22226341312,31847.742,17.2,35.1,38.1
5505,55,86571840.0,43479.04716482365,4646.322152782683,22028.613698070985,17005.117390932777,71695.21,10.7,50.7,39.1
5506,55,147658460.0,63138.628368739985,7114.712620781458,28547.562560081482,24861.598405127428,53521.574,11.3,45.2,39.4
5507,55,214158420.0,82137.41134568932,10896.561871337944,37318.32933187485,28920.996001711046,37354.74,13.3,45.4,35.2
5508,55,187938640.0,73493.99971742426,9523.332643400143,30773.238971710205,30967.94897346261,63512.164,13.0,41.9,42.1
5601,56,48974588.0,26999.19231815477,3601.067901123013,10110.769861774053,11348.39497419379,54424.15,13.3,37.4,42.0
